{
  "Delete a product" : {
    "transaction" : "Delete a product",
    "sampleCount" : 15,
    "errorCount" : 0,
    "errorPct" : 0.0,
    "meanResTime" : 394.53333333333336,
    "medianResTime" : 385.0,
    "minResTime" : 352.0,
    "maxResTime" : 474.0,
    "pct1ResTime" : 473.4,
    "pct2ResTime" : 474.0,
    "pct3ResTime" : 474.0,
    "throughput" : 2.657689581856839,
    "receivedKBytesPerSec" : 6.583491595056697,
    "sentKBytesPerSec" : 1.446848976789511
  },
  "Limit and skip products" : {
    "transaction" : "Limit and skip products",
    "sampleCount" : 15,
    "errorCount" : 0,
    "errorPct" : 0.0,
    "meanResTime" : 444.7333333333333,
    "medianResTime" : 406.0,
    "minResTime" : 359.0,
    "maxResTime" : 740.0,
    "pct1ResTime" : 620.0000000000001,
    "pct2ResTime" : 740.0,
    "pct3ResTime" : 740.0,
    "throughput" : 3.8481272447408927,
    "receivedKBytesPerSec" : 5.966350933170856,
    "sentKBytesPerSec" : 2.145781891354541
  },
  "Get All Products" : {
    "transaction" : "Get All Products",
    "sampleCount" : 15,
    "errorCount" : 0,
    "errorPct" : 0.0,
    "meanResTime" : 445.46666666666664,
    "medianResTime" : 422.0,
    "minResTime" : 365.0,
    "maxResTime" : 670.0,
    "pct1ResTime" : 625.6,
    "pct2ResTime" : 670.0,
    "pct3ResTime" : 670.0,
    "throughput" : 2.625590757920532,
    "receivedKBytesPerSec" : 115.66940940617889,
    "sentKBytesPerSec" : 1.3666405019254333
  },
  "Total" : {
    "transaction" : "Total",
    "sampleCount" : 120,
    "errorCount" : 1,
    "errorPct" : 0.8333333,
    "meanResTime" : 464.20833333333337,
    "medianResTime" : 403.5,
    "minResTime" : 349.0,
    "maxResTime" : 3388.0,
    "pct1ResTime" : 540.9,
    "pct2ResTime" : 676.6499999999999,
    "pct3ResTime" : 2951.6199999999835,
    "throughput" : 12.464942349641634,
    "receivedKBytesPerSec" : 89.16947858237249,
    "sentKBytesPerSec" : 6.471970921626674
  },
  "Auth" : {
    "transaction" : "Auth",
    "sampleCount" : 15,
    "errorCount" : 0,
    "errorPct" : 0.0,
    "meanResTime" : 570.3333333333334,
    "medianResTime" : 413.0,
    "minResTime" : 350.0,
    "maxResTime" : 1310.0,
    "pct1ResTime" : 1205.0,
    "pct2ResTime" : 1310.0,
    "pct3ResTime" : 1310.0,
    "throughput" : 3.103020273065784,
    "receivedKBytesPerSec" : 8.66138614501448,
    "sentKBytesPerSec" : 0.7909065344435251
  },
  "Add a new product" : {
    "transaction" : "Add a new product",
    "sampleCount" : 15,
    "errorCount" : 1,
    "errorPct" : 6.6666665,
    "meanResTime" : 611.6,
    "medianResTime" : 401.0,
    "minResTime" : 358.0,
    "maxResTime" : 3388.0,
    "pct1ResTime" : 1663.600000000001,
    "pct2ResTime" : 3388.0,
    "pct3ResTime" : 3388.0,
    "throughput" : 2.592016588906169,
    "receivedKBytesPerSec" : 2.648379449628478,
    "sentKBytesPerSec" : 1.546603648263349
  },
  "Update a product" : {
    "transaction" : "Update a product",
    "sampleCount" : 15,
    "errorCount" : 0,
    "errorPct" : 0.0,
    "meanResTime" : 422.6000000000001,
    "medianResTime" : 408.0,
    "minResTime" : 358.0,
    "maxResTime" : 526.0,
    "pct1ResTime" : 516.4,
    "pct2ResTime" : 526.0,
    "pct3ResTime" : 526.0,
    "throughput" : 2.6301946344029457,
    "receivedKBytesPerSec" : 3.873030093810275,
    "sentKBytesPerSec" : 1.5680138194809747
  },
  "Get current auth user" : {
    "transaction" : "Get current auth user",
    "sampleCount" : 15,
    "errorCount" : 0,
    "errorPct" : 0.0,
    "meanResTime" : 437.1333333333334,
    "medianResTime" : 405.0,
    "minResTime" : 362.0,
    "maxResTime" : 578.0,
    "pct1ResTime" : 567.2,
    "pct2ResTime" : 578.0,
    "pct3ResTime" : 578.0,
    "throughput" : 3.7917087967644085,
    "receivedKBytesPerSec" : 9.0393745260364,
    "sentKBytesPerSec" : 1.951397007709808
  },
  "Update a product partial" : {
    "transaction" : "Update a product partial",
    "sampleCount" : 15,
    "errorCount" : 0,
    "errorPct" : 0.0,
    "meanResTime" : 387.26666666666665,
    "medianResTime" : 377.0,
    "minResTime" : 349.0,
    "maxResTime" : 504.0,
    "pct1ResTime" : 447.6,
    "pct2ResTime" : 504.0,
    "pct3ResTime" : 504.0,
    "throughput" : 2.664298401420959,
    "receivedKBytesPerSec" : 3.9357376776198936,
    "sentKBytesPerSec" : 1.5154931727353464
  }
}